<?xml version="1.0" encoding="UTF-8"?>
<beans xmlns="http://www.springframework.org/schema/beans" xmlns:xsi="http://www.w3.org/2001/XMLSchema-instance"
	xmlns:jdbc="http://www.springframework.org/schema/jdbc"
	xsi:schemaLocation="http://www.springframework.org/schema/beans http://www.springframework.org/schema/beans/spring-beans-4.0.xsd
        http://www.springframework.org/schema/jdbc  http://www.springframework.org/schema/jdbc/spring-jdbc-4.0.xsd">
	
<!--     oracle Connection Pool
    <bean id="dataSource" class="com.mchange.v2.c3p0.ComboPooledDataSource"
        destroy-method="close">
	    <property name="driverClass" value="oracle.jdbc.driver.OracleDriver" />
	    <property name="jdbcUrl" value="jdbc:oracle:thin:@localhost:1521:xe" />
	    <property name="user" value="web_user" />
	    <property name="password" value="WebUser01#" />
	    <property name="initialPoolSize" value="5" />
	    <property name="maxPoolSize" value="30" />
	    <property name="minPoolSize" value="5" />
	    <property name="acquireIncrement" value="3" />
	    <property name="acquireRetryAttempts" value="30" />
	    <property name="acquireRetryDelay" value="1000" />
	    <property name="idleConnectionTestPeriod" value="60" />
	    <property name="preferredTestQuery" value="SELECT 1 FROM DUAL" />
	    <property name="testConnectionOnCheckin" value="true" />
	    <property name="testConnectionOnCheckout" value="false" />
	</bean> -->
     <bean id="dataSource" 
         class="org.springframework.jdbc.datasource.DriverManagerDataSource" 
         lazy-init="false"> 
   
         <property name="driverClassName" value="com.mysql.jdbc.Driver" /> 
         <property name="url" value="jdbc:mysql://localhost:3306/bbs?useSSL=false&amp;allowMultiQueries=true&amp;serverTimezone=Asia/Seoul" /> 
         <property name="username" value="kimsion" /> 
         <property name="password" value="1234" /> 
     </bean> 
    
</beans>



